{
  "generated_at": "2026-03-19T05:54:19.149693+00:00",
  "radiance_layer": "AllAngle_Composite_Snow_Free",
  "sensor_stats": {
    "VNP46A4": {
      "positive_pixel_count": 2564708,
      "mean_radiance": 5.2805304527282715,
      "median_radiance": 1.056626796722412,
      "percentiles": {
        "1": 0.504177178144455,
        "5": 0.5219685465097428,
        "10": 0.5472149312496185,
        "20": 0.6107284307479859,
        "30": 0.699367356300354,
        "35": 0.7582823485136032,
        "40": 0.831466031074524,
        "50": 1.0566267371177673,
        "55": 1.2611736357212067,
        "60": 1.5469307899475095,
        "70": 2.4421255826950072,
        "75": 3.277027904987335,
        "80": 4.662878799438477,
        "90": 12.634038639068606,
        "95": 26.85662450790404,
        "97": 39.20817005157471,
        "99": 64.29683403015149
      }
    },
    "VJ146A4": {
      "positive_pixel_count": 1731879,
      "mean_radiance": 6.569534778594971,
      "median_radiance": 1.5508137941360474,
      "percentiles": {
        "1": 0.5066352558135986,
        "5": 0.5352526128292083,
        "10": 0.5759959578514099,
        "20": 0.6775781512260437,
        "30": 0.8231630444526672,
        "35": 0.9225103735923766,
        "40": 1.0614381551742555,
        "50": 1.5508137941360474,
        "55": 1.8872101545333864,
        "60": 2.332222843170165,
        "70": 3.8433056354522668,
        "75": 5.178620338439941,
        "80": 7.298481559753422,
        "90": 17.9135929107666,
        "95": 32.574208450317336,
        "97": 43.44881034851074,
        "99": 65.6486976623535
      }
    }
  },
  "merged_positive_land_stats": {
    "positive_pixel_count": 4296587,
    "mean_radiance": 5.800106525421143,
    "median_radiance": 1.2203881740570068,
    "percentiles": {
      "1": 0.5049048495292664,
      "5": 0.5259723842144013,
      "10": 0.5561060667037964,
      "20": 0.6321057796478271,
      "30": 0.7397557973861695,
      "35": 0.8122953116893767,
      "40": 0.9031203746795655,
      "50": 1.2203881740570068,
      "55": 1.4881734371185305,
      "60": 1.827783036231995,
      "70": 2.957038640975951,
      "75": 3.9909151792526245,
      "80": 5.682474803924563,
      "90": 14.87773323059082,
      "95": 29.425594711303702,
      "97": 41.17130661010742,
      "99": 64.87511169433574
    }
  },
  "estimated_bortle_thresholds": {
    "2": 0.5561060667037964,
    "3": 0.6321057796478271,
    "4": 0.8122953116893767,
    "5": 1.4881734371185305,
    "6": 3.9909151792526245,
    "7": 14.87773323059082,
    "8": 41.17130661010742
  }
}