{
  "generated_at": "2026-03-19T06:48:59.387698+00:00",
  "radiance_layer": "AllAngle_Composite_Snow_Free",
  "boundary": {
    "country": "Republic of Korea",
    "boundary_path": "C:\\Users\\song7\\Desktop\\school\\2026-1\\projects\\mcp_darksky\\data\\south-korea-boundary.geojson",
    "boundary_source": "geoBoundaries gbOpen / Natural Earth"
  },
  "sensor_stats": {
    "VNP46A4": {
      "positive_pixel_count": 522527,
      "mean_radiance": 6.200997352600098,
      "median_radiance": 1.5848798751831055,
      "percentiles": {
        "1": 0.512510826587677,
        "5": 0.5637840211391449,
        "10": 0.628320574760437,
        "20": 0.771294903755188,
        "30": 0.9419558644294739,
        "35": 1.054623746871948,
        "40": 1.1975743770599365,
        "50": 1.5848798751831055,
        "55": 1.8294204473495492,
        "60": 2.118538951873779,
        "70": 3.0439660549163796,
        "75": 3.842341661453247,
        "80": 5.133325481414796,
        "90": 12.460084915161145,
        "95": 30.37920398712145,
        "97": 49.85356346130356,
        "99": 83.2403527832031
      }
    },
    "VJ146A4": {
      "positive_pixel_count": 410416,
      "mean_radiance": 6.598306179046631,
      "median_radiance": 1.6288118362426758,
      "percentiles": {
        "1": 0.5100829601287842,
        "5": 0.5534299165010452,
        "10": 0.6115948259830475,
        "20": 0.7462562918663025,
        "30": 0.9181444942951202,
        "35": 1.0324363112449646,
        "40": 1.193104863166809,
        "50": 1.6288118958473206,
        "55": 1.9081279039382937,
        "60": 2.2565677165985107,
        "70": 3.3887592554092407,
        "75": 4.3767335414886475,
        "80": 5.922853469848633,
        "90": 15.038054943084717,
        "95": 35.08937644958496,
        "97": 52.22402248382565,
        "99": 78.74238815307613
      }
    }
  },
  "merged_positive_land_stats": {
    "positive_pixel_count": 932943,
    "mean_radiance": 6.37578010559082,
    "median_radiance": 1.6032288074493408,
    "percentiles": {
      "1": 0.511309860944748,
      "5": 0.5588930785655976,
      "10": 0.6204770922660827,
      "20": 0.7600276112556458,
      "30": 0.9319985032081604,
      "35": 1.045344579219818,
      "40": 1.1958144187927249,
      "50": 1.6032288074493408,
      "55": 1.8608009457588202,
      "60": 2.1747972488403318,
      "70": 3.185781908035278,
      "75": 4.065868854522705,
      "80": 5.472945499420169,
      "90": 13.562724876403827,
      "95": 32.68094749450662,
      "97": 51.03339843749996,
      "99": 81.26792648315428
    }
  },
  "estimated_bortle_thresholds": {
    "2": 0.6204770922660827,
    "3": 0.7600276112556458,
    "4": 1.045344579219818,
    "5": 1.8608009457588202,
    "6": 4.065868854522705,
    "7": 13.562724876403827,
    "8": 51.03339843749996
  }
}